Workbook

Sheet Judge 1
A2: Judge 1
A3: Team Name | B3: Bating | C3: Bowling | D3: Fielding
A4: RCB | B4: 1000 | C4: 7 | D4: 10
A5: PBKS | B5: 9 | C5: 8 | D5: 5
A6: CSK | B6: 10 | C6: 4 | D6: 9
A7: SRH | B7: 10 | C7: 6 | D7: 5
A8: MI | B8: 8 | C8: 10 | D8: 6
A9: RR | B9: 7 | C9: 8 | D9: 5
A10: KKR | B10: 4 | C10: 3 | D10: 5
A11: DC | B11: 8 | C11: 10 | D11: 6
A12: LSG | B12: 7 | C12: 9 | D12: 10
A13: GT | B13: 8 | C13: 3 | D13: 7

Sheet Judge 2
A2: Judge 2
A3: Team Name | B3: Bating | C3: Bowling | D3: Fielding
A4: RCB | B4: 8 | C4: 8 | D4: 8
A5: PBKS | B5: 8 | C5: 8 | D5: 8
A6: CSK | B6: 8 | C6: 8 | D6: 8
A7: SRH | B7: 8 | C7: 8 | D7: 8
A8: MI | B8: 8 | C8: 8 | D8: 8
A9: RR | B9: 8 | C9: 8 | D9: 8
A10: KKR | B10: 8 | C10: 8 | D10: 8
A11: DC | B11: 8 | C11: 8 | D11: 8
A12: LSG | B12: 8 | C12: 8 | D12: 8
A13: GT | B13: 8 | C13: 8 | D13: 8

Sheet Judge 3
A2: Judge 3
A3: Team Name | B3: Bating | C3: Bowling | D3: Fielding
A4: RCB | B4: 2 | C4: 2 | D4: 2
A5: PBKS | B5: 2 | C5: 2 | D5: 2
A6: CSK | B6: 2 | C6: 2 | D6: 2
A7: SRH | B7: 2 | C7: 2 | D7: 2
A8: MI | B8: 2 | C8: 2 | D8: 2
A9: RR | B9: 2 | C9: 2 | D9: 2
A10: KKR | B10: 2 | C10: 2 | D10: 2
A11: DC | B11: 2 | C11: 2 | D11: 2
A12: LSG | B12: 2 | C12: 2 | D12: 2
A13: GT | B13: 2 | C13: 2 | D13: 2

Sheet Main Sheet
A1: Team Name | B1: Bating | E1: Bowling | H1: Fielding | K1: Grand Total
B2: Judge 1 | C2: Judge 2 | D2: Judge 3 | E2: Judge 1 | F2: Judge 2 | G2: Judge 3 | H2: Judge 1 | I2: Judge 2 | J2: Judge 3
A3: RCB | B3: =VLOOKUP('Main Sheet'!A3,'Judge 1'!A2:D13, 2, FALSE) -> 1000 | C3: =VLOOKUP(A3, 'Judge 2'!A2:D13, 2, FALSE) -> 8 | D3: =VLOOKUP(A3,'Judge 3'!A2:D13, 2, FALSE) -> 2 | E3: =VLOOKUP(A3, 'Judge 1'!A2:D13, 3, FALSE) -> 7 | F3: =VLOOKUP(A3, 'Judge 2'!A2:D13, 3, FALSE) -> 8 | G3: =VLOOKUP(A3, 'Judge 3'!A2:D13, 3, FALSE) -> 2 | H3: =VLOOKUP(A3,'Judge 1'!A2:D13, 4, FALSE) -> 10 | I3: =VLOOKUP(A3,'Judge 2'!A2:D13, 4, FALSE) -> 8 | J3: =VLOOKUP(A3, 'Judge 3'!A2:D13, 3, FALSE) -> 2 | K3: =SUM(B3:J3) -> 1047
A4: PBKS | B4: =VLOOKUP('Main Sheet'!A4,'Judge 1'!A3:D14, 2, FALSE) -> 9 | C4: =VLOOKUP(A4, 'Judge 2'!A3:D14, 2, FALSE) -> 8 | D4: =VLOOKUP(A4,'Judge 3'!A3:D14, 2, FALSE) -> 2 | E4: =VLOOKUP(A4, 'Judge 1'!A3:D14, 3, FALSE) -> 8 | F4: =VLOOKUP(A4, 'Judge 2'!A3:D14, 3, FALSE) -> 8 | G4: =VLOOKUP(A4, 'Judge 3'!A3:D14, 3, FALSE) -> 2 | H4: =VLOOKUP(A4,'Judge 1'!A3:D14, 4, FALSE) -> 5 | I4: =VLOOKUP(A4,'Judge 2'!A3:D14, 4, FALSE) -> 8 | J4: =VLOOKUP(A4, 'Judge 3'!A3:D14, 3, FALSE) -> 2 | K4: =SUM(B4:J4) -> 52
A5: CSK | B5: =VLOOKUP('Main Sheet'!A5,'Judge 1'!A4:D15, 2, FALSE) -> 10 | C5: =VLOOKUP(A5, 'Judge 2'!A4:D15, 2, FALSE) -> 8 | D5: =VLOOKUP(A5,'Judge 3'!A4:D15, 2, FALSE) -> 2 | E5: =VLOOKUP(A5, 'Judge 1'!A4:D15, 3, FALSE) -> 4 | F5: =VLOOKUP(A5, 'Judge 2'!A4:D15, 3, FALSE) -> 8 | G5: =VLOOKUP(A5, 'Judge 3'!A4:D15, 3, FALSE) -> 2 | H5: =VLOOKUP(A5,'Judge 1'!A4:D15, 4, FALSE) -> 9 | I5: =VLOOKUP(A5,'Judge 2'!A4:D15, 4, FALSE) -> 8 | J5: =VLOOKUP(A5, 'Judge 3'!A4:D15, 3, FALSE) -> 2 | K5: =SUM(B5:J5) -> 53
A6: SRH | B6: =VLOOKUP('Main Sheet'!A6,'Judge 1'!A5:D16, 2, FALSE) -> 10 | C6: =VLOOKUP(A6, 'Judge 2'!A5:D16, 2, FALSE) -> 8 | D6: =VLOOKUP(A6,'Judge 3'!A5:D16, 2, FALSE) -> 2 | E6: =VLOOKUP(A6, 'Judge 1'!A5:D16, 3, FALSE) -> 6 | F6: =VLOOKUP(A6, 'Judge 2'!A5:D16, 3, FALSE) -> 8 | G6: =VLOOKUP(A6, 'Judge 3'!A5:D16, 3, FALSE) -> 2 | H6: =VLOOKUP(A6,'Judge 1'!A5:D16, 4, FALSE) -> 5 | I6: =VLOOKUP(A6,'Judge 2'!A5:D16, 4, FALSE) -> 8 | J6: =VLOOKUP(A6, 'Judge 3'!A5:D16, 3, FALSE) -> 2 | K6: =SUM(B6:J6) -> 51
A7: MI | B7: =VLOOKUP('Main Sheet'!A7,'Judge 1'!A6:D17, 2, FALSE) -> 8 | C7: =VLOOKUP(A7, 'Judge 2'!A6:D17, 2, FALSE) -> 8 | D7: =VLOOKUP(A7,'Judge 3'!A6:D17, 2, FALSE) -> 2 | E7: =VLOOKUP(A7, 'Judge 1'!A6:D17, 3, FALSE) -> 10 | F7: =VLOOKUP(A7, 'Judge 2'!A6:D17, 3, FALSE) -> 8 | G7: =VLOOKUP(A7, 'Judge 3'!A6:D17, 3, FALSE) -> 2 | H7: =VLOOKUP(A7,'Judge 1'!A6:D17, 4, FALSE) -> 6 | I7: =VLOOKUP(A7,'Judge 2'!A6:D17, 4, FALSE) -> 8 | J7: =VLOOKUP(A7, 'Judge 3'!A6:D17, 3, FALSE) -> 2 | K7: =SUM(B7:J7) -> 54
A8: RR | B8: =VLOOKUP('Main Sheet'!A8,'Judge 1'!A7:D18, 2, FALSE) -> 7 | C8: =VLOOKUP(A8, 'Judge 2'!A7:D18, 2, FALSE) -> 8 | D8: =VLOOKUP(A8,'Judge 3'!A7:D18, 2, FALSE) -> 2 | E8: =VLOOKUP(A8, 'Judge 1'!A7:D18, 3, FALSE) -> 8 | F8: =VLOOKUP(A8, 'Judge 2'!A7:D18, 3, FALSE) -> 8 | G8: =VLOOKUP(A8, 'Judge 3'!A7:D18, 3, FALSE) -> 2 | H8: =VLOOKUP(A8,'Judge 1'!A7:D18, 4, FALSE) -> 5 | I8: =VLOOKUP(A8,'Judge 2'!A7:D18, 4, FALSE) -> 8 | J8: =VLOOKUP(A8, 'Judge 3'!A7:D18, 3, FALSE) -> 2 | K8: =SUM(B8:J8) -> 50
A9: KKR | B9: =VLOOKUP('Main Sheet'!A9,'Judge 1'!A8:D19, 2, FALSE) -> 4 | C9: =VLOOKUP(A9, 'Judge 2'!A8:D19, 2, FALSE) -> 8 | D9: =VLOOKUP(A9,'Judge 3'!A8:D19, 2, FALSE) -> 2 | E9: =VLOOKUP(A9, 'Judge 1'!A8:D19, 3, FALSE) -> 3 | F9: =VLOOKUP(A9, 'Judge 2'!A8:D19, 3, FALSE) -> 8 | G9: =VLOOKUP(A9, 'Judge 3'!A8:D19, 3, FALSE) -> 2 | H9: =VLOOKUP(A9,'Judge 1'!A8:D19, 4, FALSE) -> 5 | I9: =VLOOKUP(A9,'Judge 2'!A8:D19, 4, FALSE) -> 8 | J9: =VLOOKUP(A9, 'Judge 3'!A8:D19, 3, FALSE) -> 2 | K9: =SUM(B9:J9) -> 42
A10: DC | B10: =VLOOKUP('Main Sheet'!A10,'Judge 1'!A9:D20, 2, FALSE) -> 8 | C10: =VLOOKUP(A10, 'Judge 2'!A9:D20, 2, FALSE) -> 8 | D10: =VLOOKUP(A10,'Judge 3'!A9:D20, 2, FALSE) -> 2 | E10: =VLOOKUP(A10, 'Judge 1'!A9:D20, 3, FALSE) -> 10 | F10: =VLOOKUP(A10, 'Judge 2'!A9:D20, 3, FALSE) -> 8 | G10: =VLOOKUP(A10, 'Judge 3'!A9:D20, 3, FALSE) -> 2 | H10: =VLOOKUP(A10,'Judge 1'!A9:D20, 4, FALSE) -> 6 | I10: =VLOOKUP(A10,'Judge 2'!A9:D20, 4, FALSE) -> 8 | J10: =VLOOKUP(A10, 'Judge 3'!A9:D20, 3, FALSE) -> 2 | K10: =SUM(B10:J10) -> 54
A11: LSG | B11: =VLOOKUP('Main Sheet'!A11,'Judge 1'!A10:D21, 2, FALSE) -> 7 | C11: =VLOOKUP(A11, 'Judge 2'!A10:D21, 2, FALSE) -> 8 | D11: =VLOOKUP(A11,'Judge 3'!A10:D21, 2, FALSE) -> 2 | E11: =VLOOKUP(A11, 'Judge 1'!A10:D21, 3, FALSE) -> 9 | F11: =VLOOKUP(A11, 'Judge 2'!A10:D21, 3, FALSE) -> 8 | G11: =VLOOKUP(A11, 'Judge 3'!A10:D21, 3, FALSE) -> 2 | H11: =VLOOKUP(A11,'Judge 1'!A10:D21, 4, FALSE) -> 10 | I11: =VLOOKUP(A11,'Judge 2'!A10:D21, 4, FALSE) -> 8 | J11: =VLOOKUP(A11, 'Judge 3'!A10:D21, 3, FALSE) -> 2 | K11: =SUM(B11:J11) -> 56
A12: GT | B12: =VLOOKUP('Main Sheet'!A12,'Judge 1'!A11:D22, 2, FALSE) -> 8 | C12: =VLOOKUP(A12, 'Judge 2'!A11:D22, 2, FALSE) -> 8 | D12: =VLOOKUP(A12,'Judge 3'!A11:D22, 2, FALSE) -> 2 | E12: =VLOOKUP(A12, 'Judge 1'!A11:D22, 3, FALSE) -> 3 | F12: =VLOOKUP(A12, 'Judge 2'!A11:D22, 3, FALSE) -> 8 | G12: =VLOOKUP(A12, 'Judge 3'!A11:D22, 3, FALSE) -> 2 | H12: =VLOOKUP(A12,'Judge 1'!A11:D22, 4, FALSE) -> 7 | I12: =VLOOKUP(A12,'Judge 2'!A11:D22, 4, FALSE) -> 8 | J12: =VLOOKUP(A12, 'Judge 3'!A11:D22, 3, FALSE) -> 2 | K12: =SUM(B12:J12) -> 48
